1_captcha.png,2531
2_captcha.png,1217
3_captcha.png,9687
4_captcha.png,8015
5_captcha.png,4390
6_captcha.png,1044
7_captcha.png,0472
8_captcha.png,0426
9_captcha.png,8587
10_captcha.png,7221
11_captcha.png,7975
12_captcha.png,3603
13_captcha.png,1678
14_captcha.png,9779
15_captcha.png,8456
16_captcha.png,5151
17_captcha.png,3172
18_captcha.png,5105
19_captcha.png,8894
20_captcha.png,6869
21_captcha.png,4546
22_captcha.png,9502
23_captcha.png,0505
24_captcha.png,3591
25_captcha.png,7510
26_captcha.png,8283
27_captcha.png,1579
28_captcha.png,7907
29_captcha.png,3686
30_captcha.png,5629
31_captcha.png,2373
32_captcha.png,6322
33_captcha.png,6076
34_captcha.png,3731
35_captcha.png,2158
36_captcha.png,3516
37_captcha.png,2253
38_captcha.png,1263
39_captcha.png,4963
40_captcha.png,2384
41_captcha.png,1708
42_captcha.png,8466
43_captcha.png,0053
44_captcha.png,4051
45_captcha.png,1366
46_captcha.png,1096
47_captcha.png,8301
48_captcha.png,7745
49_captcha.png,9448
50_captcha.png,0555
51_captcha.png,9292
52_captcha.png,4665
53_captcha.png,3309
54_captcha.png,4456
55_captcha.png,3193
56_captcha.png,4200
57_captcha.png,7230
58_captcha.png,8347
59_captcha.png,5091
60_captcha.png,6448
61_captcha.png,9138
62_captcha.png,9248
63_captcha.png,2918
64_captcha.png,5058
65_captcha.png,4792
66_captcha.png,3119
67_captcha.png,6819
68_captcha.png,5586
69_captcha.png,4900
70_captcha.png,6687
71_captcha.png,8017
72_captcha.png,1157
73_captcha.png,0894
74_captcha.png,0564
75_captcha.png,2948
76_captcha.png,0339
77_captcha.png,0009
78_captcha.png,3149
79_captcha.png,3809
80_captcha.png,4256
81_captcha.png,6693
82_captcha.png,8396
83_captcha.png,9403
84_captcha.png,8147
85_captcha.png,1877
86_captcha.png,9248
87_captcha.png,1601
88_captcha.png,0385
89_captcha.png,5718
90_captcha.png,3179
91_captcha.png,2516
92_captcha.png,5256
93_captcha.png,7979
94_captcha.png,8086
95_captcha.png,9433
96_captcha.png,8177
97_captcha.png,8810
98_captcha.png,0224
99_captcha.png,1631
100_captcha.png,2018
101_captcha.png,2748
102_captcha.png,3858
103_captcha.png,6588
104_captcha.png,5222
105_captcha.png,8372
106_captcha.png,8002
107_captcha.png,9419
108_captcha.png,0886
109_captcha.png,9203
110_captcha.png,2933
111_captcha.png,3340
112_captcha.png,5340
113_captcha.png,2034
114_captcha.png,6956
115_captcha.png,8379
116_captcha.png,7007
117_captcha.png,7751
118_captcha.png,1499
119_captcha.png,2887
120_captcha.png,6539
121_captcha.png,2407
122_captcha.png,5816
123_captcha.png,3477
124_captcha.png,8859
125_captcha.png,4834
126_captcha.png,7597
127_captcha.png,4232
128_captcha.png,3949
129_captcha.png,5372
130_captcha.png,4016
131_captcha.png,5153
132_captcha.png,7800
133_captcha.png,4554
134_captcha.png,6208
135_captcha.png,5685
136_captcha.png,6092
137_captcha.png,5476
138_captcha.png,7113
139_captcha.png,6537
140_captcha.png,9230
141_captcha.png,8904
142_captcha.png,9011
143_captcha.png,9705
144_captcha.png,0112
145_captcha.png,9859
146_captcha.png,9540
147_captcha.png,9640
148_captcha.png,2310
149_captcha.png,1797
150_captcha.png,2104
151_captcha.png,5804
152_captcha.png,4541
153_captcha.png,5658
154_captcha.png,5642
155_captcha.png,6759
156_captcha.png,5423
157_captcha.png,4840
158_captcha.png,5217
159_captcha.png,8957
160_captcha.png,7334
161_captcha.png,8741
162_captcha.png,9158
163_captcha.png,8532
164_captcha.png,1222
165_captcha.png,9693
166_captcha.png,8300
167_captcha.png,0744
168_captcha.png,9461
169_captcha.png,5463
170_captcha.png,0845
171_captcha.png,0185
172_captcha.png,5150
173_captcha.png,4574
174_captcha.png,5935
175_captcha.png,2689
176_captcha.png,9644
177_captcha.png,5066
178_captcha.png,4700
179_captcha.png,9769
180_captcha.png,6413
181_captcha.png,8857
182_captcha.png,3232
183_captcha.png,8207
184_captcha.png,7935
185_captcha.png,6359
186_captcha.png,6033
187_captcha.png,8082
188_captcha.png,9480
189_captcha.png,8167
190_captcha.png,1413
191_captcha.png,4805
192_captcha.png,6519
193_captcha.png,3263
194_captcha.png,5607
195_captcha.png,6054
196_captcha.png,7464
197_captcha.png,6808
198_captcha.png,5525
199_captcha.png,7909
200_captcha.png,6643
201_captcha.png,5060
202_captcha.png,8790
203_captcha.png,7137
204_captcha.png,9851
205_captcha.png,8238
206_captcha.png,9645
207_captcha.png,8329
208_captcha.png,0766
209_captcha.png,0436
210_captcha.png,8897
211_captcha.png,3822
212_captcha.png,5419
213_captcha.png,1847
214_captcha.png,1591
215_captcha.png,2908
216_captcha.png,1685
217_captcha.png,1369
218_captcha.png,0703
219_captcha.png,8174
220_captcha.png,1804
221_captcha.png,2211
222_captcha.png,9128
223_captcha.png,1591
224_captcha.png,3521
225_captcha.png,4978
226_captcha.png,7638
227_captcha.png,5039
228_captcha.png,4413
229_captcha.png,3144
230_captcha.png,3804
231_captcha.png,4951
232_captcha.png,3695
233_captcha.png,5012
234_captcha.png,2796
235_captcha.png,3163
236_captcha.png,1178
237_captcha.png,0852
238_captcha.png,8943
239_captcha.png,0697
240_captcha.png,9074
241_captcha.png,9028
242_captcha.png,8462
243_captcha.png,7889
244_captcha.png,8256
245_captcha.png,5991
246_captcha.png,7527
247_captcha.png,4225
248_captcha.png,3909
249_captcha.png,4316
250_captcha.png,0311
251_captcha.png,9035
252_captcha.png,7703
253_captcha.png,7757
254_captcha.png,7757
255_captcha.png,6737
256_captcha.png,9460
257_captcha.png,4668
258_captcha.png,9627
259_captcha.png,3295
260_captcha.png,5932
261_captcha.png,4386
262_captcha.png,0084
263_captcha.png,1095
264_captcha.png,1135
265_captcha.png,4875
266_captcha.png,3252
267_captcha.png,1673
268_captcha.png,3003
269_captcha.png,4450
270_captcha.png,6197
271_captcha.png,6867
272_captcha.png,7934
273_captcha.png,6651
274_captcha.png,9381
275_captcha.png,0798
276_captcha.png,1875
277_captcha.png,0582
278_captcha.png,2242
279_captcha.png,4699
280_captcha.png,3036
281_captcha.png,4443
282_captcha.png,4173
283_captcha.png,5544
284_captcha.png,5234
285_captcha.png,6681
286_captcha.png,9371
287_captcha.png,0498
288_captcha.png,1805
289_captcha.png,1598
290_captcha.png,2945
291_captcha.png,1369
292_captcha.png,6052
293_captcha.png,0750
294_captcha.png,6439
295_captcha.png,9122
296_captcha.png,8546
297_captcha.png,9953
298_captcha.png,0390
299_captcha.png,4049
300_captcha.png,6402
301_captcha.png,9102
302_captcha.png,0512
303_captcha.png,1969
304_captcha.png,1659
305_captcha.png,4709
306_captcha.png,2750
307_captcha.png,5846
308_captcha.png,7220
309_captcha.png,9953
310_captcha.png,0020
311_captcha.png,2783
312_captcha.png,4156
313_captcha.png,3893
314_captcha.png,4940
315_captcha.png,6684
316_captcha.png,6354
317_captcha.png,7761
318_captcha.png,8631
319_captcha.png,8501
320_captcha.png,9948
321_captcha.png,0355
322_captcha.png,3025
323_captcha.png,5418
324_captcha.png,3819
325_captcha.png,6549
326_captcha.png,7956
327_captcha.png,6333
328_captcha.png,7740
329_captcha.png,0400
330_captcha.png,1857
331_captcha.png,0294
332_captcha.png,2994
333_captcha.png,1331
334_captcha.png,3004
335_captcha.png,5448
336_captcha.png,6855
337_captcha.png,7202
338_captcha.png,4956
339_captcha.png,5063
340_captcha.png,7770
341_captcha.png,7430
342_captcha.png,0510
343_captcha.png,9934
344_captcha.png,2684
345_captcha.png,3034
346_captcha.png,3794
347_captcha.png,4141
348_captcha.png,5558
349_captcha.png,4992
350_captcha.png,7665
351_captcha.png,8032
352_captcha.png,9489
353_captcha.png,9149
354_captcha.png,0556
355_captcha.png,3229
356_captcha.png,4396
357_captcha.png,0671
358_captcha.png,6239
359_captcha.png,4131
360_captcha.png,0523
361_captcha.png,4925
362_captcha.png,6340
363_captcha.png,4350
364_captcha.png,7486
365_captcha.png,4144
366_captcha.png,8516
367_captcha.png,8596
368_captcha.png,9914
369_captcha.png,9254
370_captcha.png,1070
371_captcha.png,2487
372_captcha.png,2171
373_captcha.png,3588
374_captcha.png,3232
375_captcha.png,2976
376_captcha.png,1383
377_captcha.png,7072
378_captcha.png,2441
379_captcha.png,5147
380_captcha.png,3542
381_captcha.png,4952
382_captcha.png,0943
383_captcha.png,4743
384_captcha.png,4473
385_captcha.png,5880
386_captcha.png,6960
387_captcha.png,6641
388_captcha.png,8334
389_captcha.png,5071
390_captcha.png,2474
391_captcha.png,0542
392_captcha.png,0882
393_captcha.png,1336
394_captcha.png,5799
395_captcha.png,6106
396_captcha.png,3880
397_captcha.png,6990
398_captcha.png,4901
399_captcha.png,0037
400_captcha.png,2460
401_captcha.png,1454
402_captcha.png,0501
403_captcha.png,1998
404_captcha.png,3391
405_captcha.png,4708
406_captcha.png,2789
407_captcha.png,5875
408_captcha.png,3810
409_captcha.png,0982
410_captcha.png,1399
411_captcha.png,0323
412_captcha.png,1183
413_captcha.png,0807
414_captcha.png,5220
415_captcha.png,3637
416_captcha.png,4698
417_captcha.png,5754
418_captcha.png,2719
419_captcha.png,8845
420_captcha.png,8538
421_captcha.png,7952
422_captcha.png,0092
423_captcha.png,0746
424_captcha.png,1153
425_captcha.png,1883
426_captcha.png,2290
427_captcha.png,3637
428_captcha.png,5090
429_captcha.png,8720
430_captcha.png,7147
431_captcha.png,8554
432_captcha.png,7238
433_captcha.png,8345
434_captcha.png,0022
435_captcha.png,9466
436_captcha.png,2109
437_captcha.png,3576
438_captcha.png,4983
439_captcha.png,4653
440_captcha.png,3030
441_captcha.png,4447
442_captcha.png,9837
443_captcha.png,8584
444_captcha.png,9961
445_captcha.png,9691
446_captcha.png,1038
447_captcha.png,2485
448_captcha.png,3892
449_captcha.png,3522
450_captcha.png,4639
451_captcha.png,7392
452_captcha.png,8749
453_captcha.png,9156
454_captcha.png,8530
455_captcha.png,0293
456_captcha.png,0947
457_captcha.png,8338
458_captcha.png,8068
459_captcha.png,9475
460_captcha.png,0522
461_captcha.png,3212
462_captcha.png,4669
463_captcha.png,3366
464_captcha.png,5739
465_captcha.png,2030
466_captcha.png,7453
467_captcha.png,6177
468_captcha.png,9217
469_captcha.png,9977
470_captcha.png,0324
471_captcha.png,1431
472_captcha.png,1185
473_captcha.png,2592
474_captcha.png,4215
475_captcha.png,3632
476_captcha.png,6362
477_captcha.png,5006
478_captcha.png,8116
479_captcha.png,7533
480_captcha.png,7263
481_captcha.png,9907
482_captcha.png,8324
483_captcha.png,9731
484_captcha.png,8115
485_captcha.png,5873
486_captcha.png,6280
487_captcha.png,8904
488_captcha.png,6990
489_captcha.png,9307
490_captcha.png,6005
491_captcha.png,0008
492_captcha.png,7752
493_captcha.png,7406
494_captcha.png,5864
495_captcha.png,5518
496_captcha.png,1246
497_captcha.png,5965
498_captcha.png,5219
499_captcha.png,6983
500_captcha.png,4536
501_captcha.png,1294
502_captcha.png,0761
503_captcha.png,1012
504_captcha.png,4308
505_captcha.png,3338
506_captcha.png,5055
507_captcha.png,3483
508_captcha.png,3167
509_captcha.png,5186
510_captcha.png,0568
511_captcha.png,6560
512_captcha.png,5287
513_captcha.png,7661
514_captcha.png,6655
515_captcha.png,5362
516_captcha.png,7792
517_captcha.png,6423
518_captcha.png,7719
519_captcha.png,6396
520_captcha.png,9069
521_captcha.png,7497
522_captcha.png,7180
523_captcha.png,6518
524_captcha.png,5232
525_captcha.png,6309
526_captcha.png,8026
527_captcha.png,5770
528_captcha.png,6147
529_captcha.png,8561
530_captcha.png,7248
531_captcha.png,7938
532_captcha.png,9355
533_captcha.png,5083
534_captcha.png,6490
535_captcha.png,8874
536_captcha.png,8534
537_captcha.png,9984
538_captcha.png,9665
539_captcha.png,0045
540_captcha.png,7726
541_captcha.png,8157
542_captcha.png,8847
543_captcha.png,7264
544_captcha.png,9948
545_captcha.png,8385
546_captcha.png,9732
547_captcha.png,8176
548_captcha.png,1849
549_captcha.png,2216
550_captcha.png,1930
551_captcha.png,2047
552_captcha.png,4724
553_captcha.png,4414
554_captcha.png,3831
555_captcha.png,9540
556_captcha.png,2273
557_captcha.png,1697
558_captcha.png,2004
559_captcha.png,3471
560_captcha.png,3125
561_captcha.png,0879
562_captcha.png,3919
563_captcha.png,3663
564_captcha.png,4010
565_captcha.png,4700
566_captcha.png,3438
567_captcha.png,4845
568_captcha.png,3222
569_captcha.png,2646
570_captcha.png,5336
571_captcha.png,4053
572_captcha.png,7160
573_captcha.png,7893
574_captcha.png,9237
575_captcha.png,0240
576_captcha.png,9684
577_captcha.png,1331
578_captcha.png,1031
579_captcha.png,0469
580_captcha.png,7720
581_captcha.png,5747
582_captcha.png,8477
583_captcha.png,9884
584_captcha.png,8221
585_captcha.png,9678
586_captcha.png,8012
587_captcha.png,0785
588_captcha.png,2152
589_captcha.png,2892
590_captcha.png,3209
591_captcha.png,4676
592_captcha.png,6090
593_captcha.png,8413
594_captcha.png,9890
595_captcha.png,9563
596_captcha.png,0930
597_captcha.png,0684
598_captcha.png,8082
599_captcha.png,0475
600_captcha.png,3148
601_captcha.png,4515
602_captcha.png,3239
603_captcha.png,2616
604_captcha.png,9311
605_captcha.png,6379
606_captcha.png,7426
607_captcha.png,8833
608_captcha.png,1563
609_captcha.png,9954
610_captcha.png,9624
611_captcha.png,0091
612_captcha.png,2418
613_captcha.png,2178
614_captcha.png,3525
615_captcha.png,4932
616_captcha.png,3316
617_captcha.png,5053
618_captcha.png,7456
619_captcha.png,8863
620_captcha.png,6844
621_captcha.png,5261
622_captcha.png,6678
623_captcha.png,7045
624_captcha.png,8955
625_captcha.png,1681
626_captcha.png,1698
627_captcha.png,1938
628_captcha.png,2305
629_captcha.png,9059
630_captcha.png,0406
631_captcha.png,2840
632_captcha.png,3290
633_captcha.png,5650
634_captcha.png,5313
635_captcha.png,7037
636_captcha.png,6007
637_captcha.png,0726
638_captcha.png,1136
639_captcha.png,2503
640_captcha.png,4963
641_captcha.png,6680
642_captcha.png,1655
643_captcha.png,2388
644_captcha.png,3795
645_captcha.png,5425
646_captcha.png,7832
647_captcha.png,9205
648_captcha.png,0612
649_captcha.png,0342
650_captcha.png,1759
651_captcha.png,2866
652_captcha.png,2510
653_captcha.png,3987
654_captcha.png,3620
655_captcha.png,4097
656_captcha.png,7767
657_captcha.png,8174
658_captcha.png,0567
659_captcha.png,1914
660_captcha.png,2321
661_captcha.png,5051
662_captcha.png,3468
663_captcha.png,5805
664_captcha.png,0870
665_captcha.png,1227
666_captcha.png,2334
667_captcha.png,5094
668_captcha.png,4741
669_captcha.png,5188
670_captcha.png,5858
671_captcha.png,8998
672_captcha.png,8658
673_captcha.png,9005
674_captcha.png,1442
675_captcha.png,2899
676_captcha.png,2589
677_captcha.png,4599
678_captcha.png,1227
679_captcha.png,7995
680_captcha.png,2911
681_captcha.png,1358
682_captcha.png,7077
683_captcha.png,0363
684_captcha.png,3769
685_captcha.png,4182
686_captcha.png,6509
687_captcha.png,3564
688_captcha.png,3297
689_captcha.png,4304
690_captcha.png,4355
691_captcha.png,7751
692_captcha.png,2319
693_captcha.png,3022
694_captcha.png,0001
695_captcha.png,3016
696_captcha.png,2744
697_captcha.png,5453
698_captcha.png,8439
699_captcha.png,2431
700_captcha.png,7487
701_captcha.png,1136
702_captcha.png,7864
703_captcha.png,9281
704_captcha.png,6946
705_captcha.png,0684
706_captcha.png,1075
707_captcha.png,9066
708_captcha.png,5794
709_captcha.png,7178
710_captcha.png,5569
711_captcha.png,4916
712_captcha.png,3690
713_captcha.png,8023
714_captcha.png,4751
715_captcha.png,3138
716_captcha.png,5872
717_captcha.png,2510
718_captcha.png,0887
719_captcha.png,6576
720_captcha.png,7983
721_captcha.png,4667
722_captcha.png,4311
723_captcha.png,1019
724_captcha.png,2426
725_captcha.png,1160
726_captcha.png,5889
727_captcha.png,7892
728_captcha.png,7199
729_captcha.png,4837
730_captcha.png,9219
731_captcha.png,2979
732_captcha.png,1626
733_captcha.png,2763
734_captcha.png,6712
735_captcha.png,9482
736_captcha.png,3101
737_captcha.png,1188
738_captcha.png,1802
739_captcha.png,0246
740_captcha.png,2963
741_captcha.png,1307
742_captcha.png,0331
743_captcha.png,9075
744_captcha.png,8492
745_captcha.png,0176
746_captcha.png,0869
747_captcha.png,7504
748_captcha.png,3509
749_captcha.png,0547
750_captcha.png,1654
751_captcha.png,0331
752_captcha.png,3384
753_captcha.png,4397
754_captcha.png,1602
755_captcha.png,3621
756_captcha.png,5254
757_captcha.png,7257
758_captcha.png,3976
759_captcha.png,7634
760_captcha.png,4379
761_captcha.png,2859
762_captcha.png,6582
763_captcha.png,3520
764_captcha.png,2550
765_captcha.png,9295
766_captcha.png,8632
767_captcha.png,8933
768_captcha.png,9300
769_captcha.png,8024
770_captcha.png,7401
771_captcha.png,9145
772_captcha.png,0255
773_captcha.png,8246
774_captcha.png,2965
775_captcha.png,6914
776_captcha.png,3672
777_captcha.png,9300
778_captcha.png,0417
779_captcha.png,0101
780_captcha.png,4416
781_captcha.png,6150
782_captcha.png,5574
783_captcha.png,5528
784_captcha.png,1956
785_captcha.png,9873
786_captcha.png,7231
787_captcha.png,7985
788_captcha.png,6622
789_captcha.png,4023
790_captcha.png,6407
791_captcha.png,5141
792_captcha.png,8814
793_captcha.png,6538
794_captcha.png,6282
795_captcha.png,7699
796_captcha.png,4357
797_captcha.png,4604
798_captcha.png,3634
799_captcha.png,3388
800_captcha.png,8763
801_captcha.png,6754
802_captcha.png,2466
803_captcha.png,9797
804_captcha.png,9004
805_captcha.png,8432
806_captcha.png,4114
807_captcha.png,2138
808_captcha.png,5531
809_captcha.png,0506
810_captcha.png,9280
811_captcha.png,4209
812_captcha.png,8958
813_captcha.png,5279
814_captcha.png,5359
815_captcha.png,8645
816_captcha.png,5300
817_captcha.png,3771
818_captcha.png,3011
819_captcha.png,5495
820_captcha.png,2746
821_captcha.png,3123
822_captcha.png,2743
823_captcha.png,7274
824_captcha.png,4491
825_captcha.png,7131
826_captcha.png,0420
827_captcha.png,8101
828_captcha.png,5149
829_captcha.png,6256
830_captcha.png,8232
831_captcha.png,8533
832_captcha.png,9596
833_captcha.png,9806
834_captcha.png,8483
835_captcha.png,5484
836_captcha.png,2099
837_captcha.png,1379
838_captcha.png,7037
839_captcha.png,5028
840_captcha.png,9777
841_captcha.png,1327
842_captcha.png,3343
843_captcha.png,1774
844_captcha.png,5423
845_captcha.png,5177
846_captcha.png,4811
847_captcha.png,2321
848_captcha.png,3088
849_captcha.png,2332
850_captcha.png,9083
851_captcha.png,9323
852_captcha.png,6061
853_captcha.png,8001
854_captcha.png,0031
855_captcha.png,4750
856_captcha.png,3760
857_captcha.png,4137
858_captcha.png,4881
859_captcha.png,5298
860_captcha.png,6645
861_captcha.png,6338
862_captcha.png,5329
863_captcha.png,6776
864_captcha.png,9022
865_captcha.png,8423
866_captcha.png,7137
867_captcha.png,6551
868_captcha.png,5252
869_captcha.png,4666
870_captcha.png,3303
871_captcha.png,3054
872_captcha.png,4164
873_captcha.png,4155
874_captcha.png,5414
875_captcha.png,7040
876_captcha.png,7794
877_captcha.png,3103
878_captcha.png,3876
879_captcha.png,1234
880_captcha.png,9258
881_captcha.png,5247
882_captcha.png,7293
883_captcha.png,6921
884_captcha.png,8980
885_captcha.png,3906
886_captcha.png,0220
887_captcha.png,2842
888_captcha.png,8281
889_captcha.png,8235
890_captcha.png,5973
891_captcha.png,0355
892_captcha.png,5334
893_captcha.png,4911
894_captcha.png,4961
895_captcha.png,0699
896_captcha.png,2033
897_captcha.png,1750
898_captcha.png,9761
899_captcha.png,2167
900_captcha.png,0128
901_captcha.png,1121
902_captcha.png,5840
903_captcha.png,5524
904_captcha.png,2229
905_captcha.png,8927
906_captcha.png,0364
907_captcha.png,9018
908_captcha.png,0741
909_captcha.png,0795
910_captcha.png,9123
911_captcha.png,5851
912_captcha.png,3512
913_captcha.png,2299
914_captcha.png,3650
915_captcha.png,7379
916_captcha.png,4053
917_captcha.png,4320
918_captcha.png,2732
919_captcha.png,9470
920_captcha.png,3785
921_captcha.png,8367
922_captcha.png,1653
923_captcha.png,7081
924_captcha.png,3793
925_captcha.png,5703
926_captcha.png,9422
927_captcha.png,4497
928_captcha.png,3467
929_captcha.png,3411
930_captcha.png,7160
931_captcha.png,4421
932_captcha.png,6808
933_captcha.png,2540
934_captcha.png,1964
935_captcha.png,2937
936_captcha.png,9632
937_captcha.png,9386
938_captcha.png,1305
939_captcha.png,3375
940_captcha.png,2019
941_captcha.png,0480
942_captcha.png,2450
943_captcha.png,7425
944_captcha.png,5816
945_captcha.png,7826
946_captcha.png,6203
947_captcha.png,6954
948_captcha.png,5685
949_captcha.png,5288
950_captcha.png,4962
951_captcha.png,5379
952_captcha.png,5053
953_captcha.png,5707
954_captcha.png,4184
955_captcha.png,3828
956_captcha.png,4975
957_captcha.png,4929
958_captcha.png,3366
959_captcha.png,1764
960_captcha.png,4497
961_captcha.png,3831
962_captcha.png,5558
963_captcha.png,1986
964_captcha.png,0660
965_captcha.png,1051
966_captcha.png,1721
967_captcha.png,2138
968_captcha.png,2842
969_captcha.png,1269
970_captcha.png,2676
971_captcha.png,1050
972_captcha.png,4740
973_captcha.png,2111
974_captcha.png,1828
975_captcha.png,3262
976_captcha.png,3902
977_captcha.png,2503
978_captcha.png,7975
979_captcha.png,7678
980_captcha.png,7352
981_captcha.png,6076
982_captcha.png,6720
983_captcha.png,4181
984_captcha.png,6525
985_captcha.png,3263
986_captcha.png,8487
987_captcha.png,8378
988_captcha.png,9915
989_captcha.png,8925
990_captcha.png,2955
991_captcha.png,8386
992_captcha.png,7014
993_captcha.png,0096
994_captcha.png,2730
995_captcha.png,3461
996_captcha.png,5473
997_captcha.png,1101
998_captcha.png,6160
999_captcha.png,5160
1000_captcha.png,4898
1001_captcha.png,1536
1002_captcha.png,7686
1003_captcha.png,6759
1004_captcha.png,5193
1005_captcha.png,8863
1006_captcha.png,4564
1007_captcha.png,5931
1008_captcha.png,3922
1009_captcha.png,4202
1010_captcha.png,3646
1011_captcha.png,6319
1012_captcha.png,1791
1013_captcha.png,4643
1014_captcha.png,0082
1015_captcha.png,5097
1016_captcha.png,2795
1017_captcha.png,9790
1018_captcha.png,5102
1019_captcha.png,2140
1020_captcha.png,2187
1021_captcha.png,3554
1022_captcha.png,2534
1023_captcha.png,1262
1024_captcha.png,4558
1025_captcha.png,0556
1026_captcha.png,7200
1027_captcha.png,9624
1028_captcha.png,7085
1029_captcha.png,7775
1030_captcha.png,1788
1031_captcha.png,7116
1032_captcha.png,2135
1033_captcha.png,6154
1034_captcha.png,5538
1035_captcha.png,8228
1036_captcha.png,7201
1037_captcha.png,1261
1038_captcha.png,1571
1039_captcha.png,7909
1040_captcha.png,6626
1041_captcha.png,3321
1042_captcha.png,1742
1043_captcha.png,1059
1044_captcha.png,8797
1045_captcha.png,8048
1046_captcha.png,0374
1047_captcha.png,3673
1048_captcha.png,5209
1049_captcha.png,5295
1050_captcha.png,7438
1051_captcha.png,0697
1052_captcha.png,9186
1053_captcha.png,3752
1054_captcha.png,5043
1055_captcha.png,4018
1056_captcha.png,1077
1057_captcha.png,1707
1058_captcha.png,0144
1059_captcha.png,9872
1060_captcha.png,6510
1061_captcha.png,8900
1062_captcha.png,5948
1063_captcha.png,4932
1064_captcha.png,4601
1065_captcha.png,5634
1066_captcha.png,5971
1067_captcha.png,2619
1068_captcha.png,5021
1069_captcha.png,8314
1070_captcha.png,6715
1071_captcha.png,6469
1072_captcha.png,5146
1073_captcha.png,1525
1074_captcha.png,6590
1075_captcha.png,6830
1076_captcha.png,4212
1077_captcha.png,6291
1078_captcha.png,8615
1079_captcha.png,5669
1080_captcha.png,6383
1081_captcha.png,8302
1082_captcha.png,1698
1083_captcha.png,7026
1084_captcha.png,6724
1085_captcha.png,0636
1086_captcha.png,2665
1087_captcha.png,5911
1088_captcha.png,1330
1089_captcha.png,6305
1090_captcha.png,0054
1091_captcha.png,3750
1092_captcha.png,9092
1093_captcha.png,8086
1094_captcha.png,4070
1095_captcha.png,9612
1096_captcha.png,8380
1097_captcha.png,9646
1098_captcha.png,5237
1099_captcha.png,3275
1100_captcha.png,1529
1101_captcha.png,2552
1102_captcha.png,2592
1103_captcha.png,4502
1104_captcha.png,7861
1105_captcha.png,3163
1106_captcha.png,1820
1107_captcha.png,3456
1108_captcha.png,3707
1109_captcha.png,8691
1110_captcha.png,7262
1111_captcha.png,9804
1112_captcha.png,9108
1113_captcha.png,3410
1114_captcha.png,3027
1115_captcha.png,4030
1116_captcha.png,1798
1117_captcha.png,7426
1118_captcha.png,6854
1119_captcha.png,9136
1120_captcha.png,0810
1121_captcha.png,2583
1122_captcha.png,1911
1123_captcha.png,1604
1124_captcha.png,2011
1125_captcha.png,3468
1126_captcha.png,2802
1127_captcha.png,0877
1128_captcha.png,2936
1129_captcha.png,3243
1130_captcha.png,5299
1131_captcha.png,6690
1132_captcha.png,1665
1133_captcha.png,7093
1134_captcha.png,5068
1135_captcha.png,1796
1136_captcha.png,7108
1137_captcha.png,7182
1138_captcha.png,4836
1139_captcha.png,6250
1140_captcha.png,4611
1141_captcha.png,7967
1142_captcha.png,8014
1143_captcha.png,5068
1144_captcha.png,1063
1145_captcha.png,1717
1146_captcha.png,8455
1147_captcha.png,4183
1148_captcha.png,8802
1149_captcha.png,5117
1150_captcha.png,7133
1151_captcha.png,3875
1152_captcha.png,6515
1153_captcha.png,0264
1154_captcha.png,6992
1155_captcha.png,6646
1156_captcha.png,7379
1157_captcha.png,8726
1158_captcha.png,6777
1159_captcha.png,9736
1160_captcha.png,1413
1161_captcha.png,8178
1162_captcha.png,3183
1163_captcha.png,0881
1164_captcha.png,8202
1165_captcha.png,8953
1166_captcha.png,4684
1167_captcha.png,4335
1168_captcha.png,0066
1169_captcha.png,9434
1170_captcha.png,8178
1171_captcha.png,3883
1172_captcha.png,5560
1173_captcha.png,3244
1174_captcha.png,6914
1175_captcha.png,9666
1176_captcha.png,0617
1177_captcha.png,9094
1178_captcha.png,2353
1179_captcha.png,2037
1180_captcha.png,8735
1181_captcha.png,6400
1182_captcha.png,9149
1183_captcha.png,8877
1184_captcha.png,1852
1185_captcha.png,2273
1186_captcha.png,2913
1187_captcha.png,1657
1188_captcha.png,3627
1189_captcha.png,7926
1190_captcha.png,1605
1191_captcha.png,1985
1192_captcha.png,1082
1193_captcha.png,7367
1194_captcha.png,2749
1195_captcha.png,9060
1196_captcha.png,2730
1197_captcha.png,1117
1198_captcha.png,8612
1199_captcha.png,0599
1200_captcha.png,8910
1201_captcha.png,7334
1202_captcha.png,6011
1203_captcha.png,8455
1204_captcha.png,8125
1205_captcha.png,0502
1206_captcha.png,8920
1207_captcha.png,8663
1208_captcha.png,0347
1209_captcha.png,9784
1210_captcha.png,0131
1211_captcha.png,9575
1212_captcha.png,0982
1213_captcha.png,3655
1214_captcha.png,2339
1215_captcha.png,3446
1216_captcha.png,4813
1217_captcha.png,4586
1218_captcha.png,5963
1219_captcha.png,7677
1220_captcha.png,7337
1221_captcha.png,8484
1222_captcha.png,0121
1223_captcha.png,9545
1224_captcha.png,0912
1225_captcha.png,0696
1226_captcha.png,1073
1227_captcha.png,5725
1228_captcha.png,2460
1229_captcha.png,7435
1230_captcha.png,3163
1231_captcha.png,5103
1232_captcha.png,9462
1233_captcha.png,2764
1234_captcha.png,5753
1235_captcha.png,5407
1236_captcha.png,2738
1237_captcha.png,3715
1238_captcha.png,1776
1239_captcha.png,1813
1240_captcha.png,3250
1241_captcha.png,6546
1242_captcha.png,2530
1243_captcha.png,6289
1244_captcha.png,6580
1245_captcha.png,5661
1246_captcha.png,5978
1247_captcha.png,4039
1248_captcha.png,7471
1249_captcha.png,9155
1250_captcha.png,9465
1251_captcha.png,8889
1252_captcha.png,6240
1253_captcha.png,4261
1254_captcha.png,3895
1255_captcha.png,0590
1256_captcha.png,2549
1257_captcha.png,0947
1258_captcha.png,5912
1259_captcha.png,5666
1260_captcha.png,0078
1261_captcha.png,7776
1262_captcha.png,0022
1263_captcha.png,9420
1264_captcha.png,6751
1265_captcha.png,5045
1266_captcha.png,2799
1267_captcha.png,6452
1268_captcha.png,0471
1269_captcha.png,7125
1270_captcha.png,4874
1271_captcha.png,1528
1272_captcha.png,2582
1273_captcha.png,9266
1274_captcha.png,3999
1275_captcha.png,9627
1276_captcha.png,1041
1277_captcha.png,8755
1278_captcha.png,7483
1279_captcha.png,5447
1280_captcha.png,1886
1281_captcha.png,3845
1282_captcha.png,4818
1283_captcha.png,8567
1284_captcha.png,6548
1285_captcha.png,0211
1286_captcha.png,6596
1287_captcha.png,3240
1288_captcha.png,5657
1289_captcha.png,0798
1290_captcha.png,9432
1291_captcha.png,0589
1292_captcha.png,0549
1293_captcha.png,2966
1294_captcha.png,1340
1295_captcha.png,2757
1296_captcha.png,1494
1297_captcha.png,1178
1298_captcha.png,0552
1299_captcha.png,9280
1300_captcha.png,9934
1301_captcha.png,8351
1302_captcha.png,5316
1303_captcha.png,7356
1304_captcha.png,5757
1305_captcha.png,0722
1306_captcha.png,9169
1307_captcha.png,8897
1308_captcha.png,2546
1309_captcha.png,3953
1310_captcha.png,1614
1311_captcha.png,0391
1312_captcha.png,8719
1313_captcha.png,0136
1314_captcha.png,0866
1315_captcha.png,1243
1316_captcha.png,2650
1317_captcha.png,4067
1318_captcha.png,3701
1319_captcha.png,2128
1320_captcha.png,4802
1321_captcha.png,4562
1322_captcha.png,3919
1323_captcha.png,4386
1324_captcha.png,6700
1325_captcha.png,5487
1326_captcha.png,4821
1327_captcha.png,4575
1328_captcha.png,3292
1329_captcha.png,5676
1330_captcha.png,6083
1331_captcha.png,0735
1332_captcha.png,4784
1333_captcha.png,1005
1334_captcha.png,0429
1335_captcha.png,2866
1336_captcha.png,9850
1337_captcha.png,9534
1338_captcha.png,8932
1339_captcha.png,9349
1340_captcha.png,3004
1341_captcha.png,0319
1342_captcha.png,9036
1343_captcha.png,9717
1344_captcha.png,0440
1345_captcha.png,9178
1346_captcha.png,6816
1347_captcha.png,4897
1348_captcha.png,5244
1349_captcha.png,6351
1350_captcha.png,0319
1351_captcha.png,0656
1352_captcha.png,7378
1353_captcha.png,1027
1354_captcha.png,5016
1355_captcha.png,7062
1356_captcha.png,3484
1357_captcha.png,8459
1358_captcha.png,7193
1359_captcha.png,7887
1360_captcha.png,9254
1361_captcha.png,8978
1362_captcha.png,3353
1363_captcha.png,3390
1364_captcha.png,3344
1365_captcha.png,9732
1366_captcha.png,9042
1367_captcha.png,1052
1368_captcha.png,0780
1369_captcha.png,3132
1370_captcha.png,9556
1371_captcha.png,3141
1372_captcha.png,6660
1373_captcha.png,2727
1374_captcha.png,4752
1375_captcha.png,1286
1376_captcha.png,3175
1377_captcha.png,7494
1378_captcha.png,9450
1379_captcha.png,0423
1380_captcha.png,5498
1381_captcha.png,7428
1382_captcha.png,9468
1383_captcha.png,0461
1384_captcha.png,2490
1385_captcha.png,9149
1386_captcha.png,8583
1387_captcha.png,4211
1388_captcha.png,1959
1389_captcha.png,2366
1390_captcha.png,4306
1391_captcha.png,9967
1392_captcha.png,9611
1393_captcha.png,3360
1394_captcha.png,1758
1395_captcha.png,2005
1396_captcha.png,1782
1397_captcha.png,2199
1398_captcha.png,1533
1399_captcha.png,8285
1400_captcha.png,3250
1401_captcha.png,9988
1402_captcha.png,7386
1403_captcha.png,0089
1404_captcha.png,8407
1405_captcha.png,7824
1406_captcha.png,2517
1407_captcha.png,1931
1408_captcha.png,1621
1409_captcha.png,3008
1410_captcha.png,1409
1411_captcha.png,8464
1412_captcha.png,7881
1413_captcha.png,2856
1414_captcha.png,0238
1415_captcha.png,8249
1416_captcha.png,2968
1417_captcha.png,1685
1418_captcha.png,6957
1419_captcha.png,4328
1420_captcha.png,7614
1421_captcha.png,6058
1422_captcha.png,8775
1423_captcha.png,9842
1424_captcha.png,8566
1425_captcha.png,8240
1426_captcha.png,6671
1427_captcha.png,5015
1428_captcha.png,5099
1429_captcha.png,1427
1430_captcha.png,3077
1431_captcha.png,1324
1432_captcha.png,7073
1433_captcha.png,9092
1434_captcha.png,0065
1435_captcha.png,5337
1436_captcha.png,7377
1437_captcha.png,1366
1438_captcha.png,3258
1439_captcha.png,5234
1440_captcha.png,7951
1441_captcha.png,3360
1442_captcha.png,0344
1443_captcha.png,2761
1444_captcha.png,3494
1445_captcha.png,3448
1446_captcha.png,4595
1447_captcha.png,1276
1448_captcha.png,3190
1449_captcha.png,3137
1450_captcha.png,3447
1451_captcha.png,9241
1452_captcha.png,7165
1453_captcha.png,7378
1454_captcha.png,9904
1455_captcha.png,6265
1456_captcha.png,8235
1457_captcha.png,4200
1458_captcha.png,3524
1459_captcha.png,2941
1460_captcha.png,1325
1461_captcha.png,4385
1462_captcha.png,3702
1463_captcha.png,8374
1464_captcha.png,4929
1465_captcha.png,8597
1466_captcha.png,4872
1467_captcha.png,7575
1468_captcha.png,9938
1469_captcha.png,6693
1470_captcha.png,3831
1471_captcha.png,9039
1472_captcha.png,4034
1473_captcha.png,0746
1474_captcha.png,5702
1475_captcha.png,7721
1476_captcha.png,6129
1477_captcha.png,5499
1478_captcha.png,9162
1479_captcha.png,5890
1480_captcha.png,0565
1481_captcha.png,0519
1482_captcha.png,9947
1483_captcha.png,8917
1484_captcha.png,5972
1485_captcha.png,2610
1486_captcha.png,1054
1487_captcha.png,0785
1488_captcha.png,6183
1489_captcha.png,4741
1490_captcha.png,0179
1491_captcha.png,1540
1492_captcha.png,3263
1493_captcha.png,8141
1494_captcha.png,5806
1495_captcha.png,4523
1496_captcha.png,3907
1497_captcha.png,5674
1498_captcha.png,6751
1499_captcha.png,5405
1500_captcha.png,4882
1501_captcha.png,6526
1502_captcha.png,1901
1503_captcha.png,3320
1504_captcha.png,2044
1505_captcha.png,4023
1506_captcha.png,1768
1507_captcha.png,0199
1508_captcha.png,0406
1509_captcha.png,2476
1510_captcha.png,3883
1511_captcha.png,0537
1512_captcha.png,1560
1513_captcha.png,8161
1514_captcha.png,5106
1515_captcha.png,9825
1516_captcha.png,8262
1517_captcha.png,5207
1518_captcha.png,8937
1519_captcha.png,7374
1520_captcha.png,6368
1521_captcha.png,3303
1522_captcha.png,5333
1523_captcha.png,4750
1524_captcha.png,8709
1525_captcha.png,2428
1526_captcha.png,2768
1527_captcha.png,5161
1528_captcha.png,4848
1529_captcha.png,0180
1530_captcha.png,6518
1531_captcha.png,8292
1532_captcha.png,9995
1533_captcha.png,8693
1534_captcha.png,0672
1535_captcha.png,5647
1536_captcha.png,4631
1537_captcha.png,3069
1538_captcha.png,7018
1539_captcha.png,1777
1540_captcha.png,0181
1541_captcha.png,8165
1542_captcha.png,0889
1543_captcha.png,6217
1544_captcha.png,7240
1545_captcha.png,4988
1546_captcha.png,8637
1547_captcha.png,5332
1548_captcha.png,9351
1549_captcha.png,1324
1550_captcha.png,9691
1551_captcha.png,0655
1552_captcha.png,6353
1553_captcha.png,1332
1554_captcha.png,8013
1555_captcha.png,3042
1556_captcha.png,6475
1557_captcha.png,6438
1558_captcha.png,4536
1559_captcha.png,5510
1560_captcha.png,3967
1561_captcha.png,3611
1562_captcha.png,9616
1563_captcha.png,8344
1564_captcha.png,5645
1565_captcha.png,2303
1566_captcha.png,9048
1567_captcha.png,5776
1568_captcha.png,0741
1569_captcha.png,1428
1570_captcha.png,3484
1571_captcha.png,5121
1572_captcha.png,9870
1573_captcha.png,6171
1574_captcha.png,3839
1575_captcha.png,0874
1576_captcha.png,1154
1577_captcha.png,8838
1578_captcha.png,5536
1579_captcha.png,1285
1580_captcha.png,1978
1581_captcha.png,3392
1582_captcha.png,4709
1583_captcha.png,4409
1584_captcha.png,2820
1585_captcha.png,7293
1586_captcha.png,4544
1587_captcha.png,1845
1588_captcha.png,2252
1589_captcha.png,4231
1590_captcha.png,2602
1591_captcha.png,5332
1592_captcha.png,2037
1593_captcha.png,3407
1594_captcha.png,2821
1595_captcha.png,3854
1596_captcha.png,8810
1597_captcha.png,5174
1598_captcha.png,9490
1599_captcha.png,4465
1600_captcha.png,0893
1601_captcha.png,7842
1602_captcha.png,0434
1603_captcha.png,3137
1604_captcha.png,3477
1605_captcha.png,7172
1606_captcha.png,8589
1607_captcha.png,6554
1608_captcha.png,3212
1609_captcha.png,4982
1610_captcha.png,4676
1611_captcha.png,0304
1612_captcha.png,0644
1613_captcha.png,9088
1614_captcha.png,5366
1615_captcha.png,6433
1616_captcha.png,6390
1617_captcha.png,5734
1618_captcha.png,8407
1619_captcha.png,7181
1620_captcha.png,8598
1621_captcha.png,9665
1622_captcha.png,8382
1623_captcha.png,0766
1624_captcha.png,9403
1625_captcha.png,2173
1626_captcha.png,0580
1627_captcha.png,3210
1628_captcha.png,4397
1629_captcha.png,3004
1630_captcha.png,4411
1631_captcha.png,7111
1632_captcha.png,6558
1633_captcha.png,7965
1634_captcha.png,8312
1635_captcha.png,7756
1636_captcha.png,7400
1637_captcha.png,6138
1638_captcha.png,4485
1639_captcha.png,3113
1640_captcha.png,2590
1641_captcha.png,3907
1642_captcha.png,2381
1643_captcha.png,2335
1644_captcha.png,3442
1645_captcha.png,3175
1646_captcha.png,5819
1647_captcha.png,4236
1648_captcha.png,3910
1649_captcha.png,6373
1650_captcha.png,0325
1651_captcha.png,3351
1652_captcha.png,2035
1653_captcha.png,4472
1654_captcha.png,3196
1655_captcha.png,4563
1656_captcha.png,7599
1657_captcha.png,2971
1658_captcha.png,2655
1659_captcha.png,1332
1660_captcha.png,6914
1661_captcha.png,7081
1662_captcha.png,1030
1663_captcha.png,9094
1664_captcha.png,8438
1665_captcha.png,0852
1666_captcha.png,5820
1667_captcha.png,0465
1668_captcha.png,3008
1669_captcha.png,2038
1670_captcha.png,3092
1671_captcha.png,5041
1672_captcha.png,4498
1673_captcha.png,3196
1674_captcha.png,5166
1675_captcha.png,4106
1676_captcha.png,7009
1677_captcha.png,6689
1678_captcha.png,5629
1679_captcha.png,5970
1680_captcha.png,5906
1681_captcha.png,9939
1682_captcha.png,8919
1683_captcha.png,7933
1684_captcha.png,0658
1685_captcha.png,7112
1686_captcha.png,7422
1687_captcha.png,6476
1688_captcha.png,8492
1689_captcha.png,2707
1690_captcha.png,7766
1691_captcha.png,1415
1692_captcha.png,5741
1693_captcha.png,2032
1694_captcha.png,4617
1695_captcha.png,4938
1696_captcha.png,3908
1697_captcha.png,5544
1698_captcha.png,6268
1699_captcha.png,4835
1700_captcha.png,0557
1701_captcha.png,9541
1702_captcha.png,6295
1703_captcha.png,8265
1704_captcha.png,8572
1705_captcha.png,6806
1706_captcha.png,9192
1707_captcha.png,8186
1708_captcha.png,3744
1709_captcha.png,6140
1710_captcha.png,9496
1711_captcha.png,3445
1712_captcha.png,1109
1713_captcha.png,9183
1714_captcha.png,6832
1715_captcha.png,5812
1716_captcha.png,9861
1717_captcha.png,1801
1718_captcha.png,2160
1719_captcha.png,2481
1720_captcha.png,9078
1721_captcha.png,8615
1722_captcha.png,1941
1723_captcha.png,5237
1724_captcha.png,4240
1725_captcha.png,4501
1726_captcha.png,3300
1727_captcha.png,0612
1728_captcha.png,5973
1729_captcha.png,7973
1730_captcha.png,3544
1731_captcha.png,5587
1732_captcha.png,5824
1733_captcha.png,4864
1734_captcha.png,8867
1735_captcha.png,0816
1736_captcha.png,0153
1737_captcha.png,3556
1738_captcha.png,8171
1739_captcha.png,0197
1740_captcha.png,4846
1741_captcha.png,8819
1742_captcha.png,7296
1743_captcha.png,7947
1744_captcha.png,6614
1745_captcha.png,6308
1746_captcha.png,7371
1747_captcha.png,7318
1748_captcha.png,4639
1749_captcha.png,3316
1750_captcha.png,4423
1751_captcha.png,5870
1752_captcha.png,7517
1753_captcha.png,4268
1754_captcha.png,3699
1755_captcha.png,2313
1756_captcha.png,5043
1757_captcha.png,1471
1758_captcha.png,8439
1759_captcha.png,9546
1760_captcha.png,4575
1761_captcha.png,6591
1762_captcha.png,8861
1763_captcha.png,9978
1764_captcha.png,6922
1765_captcha.png,7099
1766_captcha.png,9716
1767_captcha.png,0883
1768_captcha.png,0853
1769_captcha.png,2230
1770_captcha.png,1674
1771_captcha.png,2081
1772_captcha.png,1708
1773_captcha.png,2875
1774_captcha.png,5515
1775_captcha.png,4299
1776_captcha.png,5609
1777_captcha.png,5339
1778_captcha.png,6757
1779_captcha.png,5174
1780_captcha.png,7507
1781_captcha.png,8974
1782_captcha.png,7698
1783_captcha.png,0321
1784_captcha.png,1438
1785_captcha.png,2845
1786_captcha.png,2545
1787_captcha.png,4282
1788_captcha.png,2380
1789_captcha.png,2394
1790_captcha.png,1711
1791_captcha.png,0485
1792_captcha.png,1502
1793_captcha.png,9516
1794_captcha.png,1230
1795_captcha.png,0614
1796_captcha.png,1024
1797_captcha.png,0468
1798_captcha.png,5427
1799_captcha.png,2182
1800_captcha.png,3599
1801_captcha.png,2216
1802_captcha.png,3383
1803_captcha.png,3053
1804_captcha.png,4490
1805_captcha.png,7160
1806_captcha.png,6847
1807_captcha.png,8281
1808_captcha.png,8361
1809_captcha.png,8015
1810_captcha.png,9482
1811_captcha.png,8106
1812_captcha.png,8880
1813_captcha.png,7267
1814_captcha.png,7911
1815_captcha.png,6655
1816_captcha.png,7002
1817_captcha.png,6449
1818_captcha.png,7896
1819_captcha.png,7540
1820_captcha.png,4245
1821_captcha.png,2606
1822_captcha.png,7671
1823_captcha.png,6009
1824_captcha.png,3064
1825_captcha.png,0702
1826_captcha.png,6363
1827_captcha.png,1322
1828_captcha.png,3348
1829_captcha.png,5397
1830_captcha.png,2086
1831_captcha.png,4062
1832_captcha.png,5075
1833_captcha.png,7412
1834_captcha.png,8869
1835_captcha.png,7503
1836_captcha.png,5294
1837_captcha.png,9650
1838_captcha.png,2302
1839_captcha.png,4716
1840_captcha.png,1460
1841_captcha.png,2851
1842_captcha.png,1505
1843_captcha.png,3554
1844_captcha.png,3238
1845_captcha.png,1606
1846_captcha.png,3083
1847_captcha.png,8088
1848_captcha.png,4786
1849_captcha.png,4460
1850_captcha.png,2858
1851_captcha.png,2502
1852_captcha.png,2286
1853_captcha.png,0657
1854_captcha.png,0391
1855_captcha.png,9715
1856_captcha.png,9469
1857_captcha.png,7820
1858_captcha.png,6564
1859_captcha.png,5992
1860_captcha.png,4619
1861_captcha.png,2690
1862_captcha.png,0791
1863_captcha.png,8712
1864_captcha.png,0459
1865_captcha.png,8857
1866_captcha.png,4288
1867_captcha.png,4939
1868_captcha.png,1697
1869_captcha.png,7365
1870_captcha.png,9702
1871_captcha.png,6747
1872_captcha.png,2175
1873_captcha.png,0156
1874_captcha.png,8557
1875_captcha.png,7955
1876_captcha.png,7939
1877_captcha.png,6316
1878_captcha.png,5050
1879_captcha.png,7477
1880_captcha.png,4121
1881_captcha.png,6805
1882_captcha.png,4926
1883_captcha.png,3640
1884_captcha.png,1651
1885_captcha.png,0038
1886_captcha.png,9736
1887_captcha.png,8183
1888_captcha.png,0867
1889_captcha.png,8998
1890_captcha.png,7672
1891_captcha.png,5686
1892_captcha.png,4014
1893_captcha.png,1768
1894_captcha.png,2166
1895_captcha.png,9870
1896_captcha.png,7241
1897_captcha.png,9915
1898_captcha.png,9669
1899_captcha.png,8046
1900_captcha.png,7760
1901_captcha.png,7414
1902_captcha.png,3142
1903_captcha.png,3896
1904_captcha.png,1257
1905_captcha.png,1901
1906_captcha.png,9329
1907_captcha.png,9073
1908_captcha.png,8490
1909_captcha.png,0174
1910_captcha.png,7858
1911_captcha.png,4179
1912_captcha.png,8828
1913_captcha.png,7812
1914_captcha.png,1181
1915_captcha.png,9192
1916_captcha.png,8186
1917_captcha.png,9533
1918_captcha.png,6287
1919_captcha.png,8921
1920_captcha.png,6322
1921_captcha.png,5706
1922_captcha.png,5450
1923_captcha.png,5134
1924_captcha.png,4871
1925_captcha.png,3295
1926_captcha.png,4658
1927_captcha.png,2637
1928_captcha.png,8621
1929_captcha.png,7359
1930_captcha.png,9685
1931_captcha.png,6620
1932_captcha.png,5067
1933_captcha.png,4795
1934_captcha.png,4714
1935_captcha.png,8479
1936_captcha.png,7010
1937_captcha.png,4794
1938_captcha.png,3492
1939_captcha.png,3176
1940_captcha.png,1507
1941_captcha.png,1281
1942_captcha.png,7989
1943_captcha.png,5690
1944_captcha.png,4328
1945_captcha.png,7010
1946_captcha.png,7764
1947_captcha.png,7448
1948_captcha.png,5879
1949_captcha.png,1207
1950_captcha.png,1951
1951_captcha.png,1932
1952_captcha.png,7333
1953_captcha.png,7014
1954_captcha.png,2499
1955_captcha.png,9154
1956_captcha.png,7118
1957_captcha.png,6846
1958_captcha.png,4204
1959_captcha.png,2288
1960_captcha.png,1616
1961_captcha.png,0330
1962_captcha.png,9768
1963_captcha.png,8445
1964_captcha.png,5140
1965_captcha.png,2894
1966_captcha.png,3255
1967_captcha.png,7910
1968_captcha.png,9337
1969_captcha.png,5065
1970_captcha.png,3046
1971_captcha.png,5463
1972_captcha.png,4147
1973_captcha.png,3575
1974_captcha.png,0229
1975_captcha.png,2936
1976_captcha.png,0324
1977_captcha.png,6755
1978_captcha.png,4716
1979_captcha.png,3444
1980_captcha.png,9872
1981_captcha.png,1559
1982_captcha.png,7987
1983_captcha.png,9621
1984_captcha.png,6375
1985_captcha.png,8792
1986_captcha.png,5457
1987_captcha.png,1185
1988_captcha.png,1879
1989_captcha.png,7507
1990_captcha.png,6935
1991_captcha.png,6689
1992_captcha.png,2317
1993_captcha.png,2061
1994_captcha.png,8799
1995_captcha.png,0176
1996_captcha.png,7871
1997_captcha.png,3125
1998_captcha.png,5542
1999_captcha.png,2207
2000_captcha.png,9981
2001_captcha.png,1605
